{
  "simulation_version": "v0.7.0",
  "active_scenario": "Recommended",
  "simulation": {
    "runs": 10000,
    "mean_value": 2697997.498151576,
    "median_value": 2591646.2342343708,
    "minimum_value": 1032959.0108322449,
    "maximum_value": 8001660.585380094,
    "standard_deviation": 738694.3445238012,
    "best_case": 3672925.5297687813,
    "worst_case": 1862666.0625048883,
    "percentile_10": 1862666.0625048883,
    "percentile_25": 2174970.705834156,
    "percentile_50": 2591646.2342343708,
    "percentile_75": 3099778.3820384485,
    "percentile_90": 3672925.5297687813
  },
  "goal_probability": {
    "goal_amount": 2500000.0,
    "probability_of_success": 55.21,
    "probability_of_shortfall": 44.79,
    "probability_of_exceeding": 55.21
  },
  "inflation_adjusted": {
    "nominal": 2591646.23,
    "real": 1517228.96,
    "inflation_rate_used": 0.055,
    "horizon_years": 10
  },
  "analytics": {
    "expected_cagr": 5.27,
    "volatility": 16.41,
    "sharpe_ratio": 1.02,
    "max_drawdown": 0.0,
    "downside_risk": 4.23,
    "upside_capture": 25.12
  },
  "scenarios": [
    {
      "style": "Conservative",
      "expected_return_range": "5.4%–8.8%",
      "expected_annual_return_min": 5.41,
      "expected_annual_return_max": 8.79,
      "estimated_risk": 8.77,
      "simulation": {
        "runs": 10000,
        "mean_value": 2449203.7431966974,
        "median_value": 2399172.2405866943,
        "minimum_value": 1215323.8326256315,
        "maximum_value": 5474570.642184362,
        "standard_deviation": 491827.37042852293,
        "best_case": 3090470.3032072806,
        "worst_case": 1865448.0633912703,
        "percentile_10": 1865448.0633912703,
        "percentile_25": 2099118.711961367,
        "percentile_50": 2399172.2405866943,
        "percentile_75": 2748430.874296343,
        "percentile_90": 3090470.3032072806
      },
      "goal_probability": {
        "goal_amount": 2500000.0,
        "probability_of_success": 41.78,
        "probability_of_shortfall": 58.22,
        "probability_of_exceeding": 41.78
      },
      "inflation_adjusted": {
        "nominal": 2399172.24,
        "real": 1404548.79,
        "inflation_rate_used": 0.055,
        "horizon_years": 10
      },
      "analytics": {
        "expected_cagr": 4.47,
        "volatility": 13.5,
        "sharpe_ratio": 1.15,
        "max_drawdown": 0.0,
        "downside_risk": 2.95,
        "upside_capture": 22.79
      },
      "yearly_projections": [
        {
          "year": 0,
          "median": 350000.0,
          "best_case": 350000.0,
          "worst_case": 350000.0,
          "expected_range_low": 350000.0,
          "expected_range_high": 350000.0,
          "nominal_median": 350000.0,
          "real_median": 350000.0
        },
        {
          "year": 1,
          "median": 497678.2,
          "best_case": 548668.13,
          "worst_case": 452550.25,
          "expected_range_low": 473606.0,
          "expected_range_high": 523944.66,
          "nominal_median": 497678.2,
          "real_median": 471732.9
        },
        {
          "year": 2,
          "median": 656013.23,
          "best_case": 747159.22,
          "worst_case": 577615.02,
          "expected_range_low": 613281.28,
          "expected_range_high": 702034.11,
          "nominal_median": 656013.23,
          "real_median": 589396.67
        },
        {
          "year": 3,
          "median": 827553.38,
          "best_case": 960027.38,
          "worst_case": 711068.79,
          "expected_range_low": 762246.39,
          "expected_range_high": 893494.6,
          "nominal_median": 827553.38,
          "real_median": 704755.76
        },
        {
          "year": 4,
          "median": 1006373.59,
          "best_case": 1191493.17,
          "worst_case": 854133.43,
          "expected_range_low": 922902.34,
          "expected_range_high": 1100005.44,
          "nominal_median": 1006373.59,
          "real_median": 812361.61
        },
        {
          "year": 5,
          "median": 1199527.16,
          "best_case": 1441005.73,
          "worst_case": 1001298.21,
          "expected_range_low": 1088774.88,
          "expected_range_high": 1321687.14,
          "nominal_median": 1199527.16,
          "real_median": 917799.44
        },
        {
          "year": 6,
          "median": 1408032.66,
          "best_case": 1725268.59,
          "worst_case": 1151491.76,
          "expected_range_low": 1266935.87,
          "expected_range_high": 1567552.61,
          "nominal_median": 1408032.66,
          "real_median": 1021169.82
        },
        {
          "year": 7,
          "median": 1628308.6,
          "best_case": 2020399.38,
          "worst_case": 1316526.91,
          "expected_range_low": 1456966.63,
          "expected_range_high": 1820724.47,
          "nominal_median": 1628308.6,
          "real_median": 1119359.27
        },
        {
          "year": 8,
          "median": 1872228.1,
          "best_case": 2346384.77,
          "worst_case": 1497497.69,
          "expected_range_low": 1660789.4,
          "expected_range_high": 2102642.7,
          "nominal_median": 1872228.1,
          "real_median": 1219941.72
        },
        {
          "year": 9,
          "median": 2126648.89,
          "best_case": 2712925.46,
          "worst_case": 1676420.52,
          "expected_range_low": 1876813.61,
          "expected_range_high": 2407647.26,
          "nominal_median": 2126648.89,
          "real_median": 1313480.58
        },
        {
          "year": 10,
          "median": 2399172.24,
          "best_case": 3090470.3,
          "worst_case": 1865448.06,
          "expected_range_low": 2099118.71,
          "expected_range_high": 2748430.87,
          "nominal_median": 2399172.24,
          "real_median": 1404548.79
        }
      ]
    },
    {
      "style": "Recommended",
      "expected_return_range": "6.6%–10.3%",
      "expected_annual_return_min": 6.64,
      "expected_annual_return_max": 10.28,
      "estimated_risk": 11.66,
      "simulation": {
        "runs": 10000,
        "mean_value": 2697997.498151576,
        "median_value": 2591646.2342343708,
        "minimum_value": 1032959.0108322449,
        "maximum_value": 8001660.585380094,
        "standard_deviation": 738694.3445238012,
        "best_case": 3672925.5297687813,
        "worst_case": 1862666.0625048883,
        "percentile_10": 1862666.0625048883,
        "percentile_25": 2174970.705834156,
        "percentile_50": 2591646.2342343708,
        "percentile_75": 3099778.3820384485,
        "percentile_90": 3672925.5297687813
      },
      "goal_probability": {
        "goal_amount": 2500000.0,
        "probability_of_success": 55.21,
        "probability_of_shortfall": 44.79,
        "probability_of_exceeding": 55.21
      },
      "inflation_adjusted": {
        "nominal": 2591646.23,
        "real": 1517228.96,
        "inflation_rate_used": 0.055,
        "horizon_years": 10
      },
      "analytics": {
        "expected_cagr": 5.27,
        "volatility": 16.41,
        "sharpe_ratio": 1.02,
        "max_drawdown": 0.0,
        "downside_risk": 4.23,
        "upside_capture": 25.12
      },
      "yearly_projections": [
        {
          "year": 0,
          "median": 350000.0,
          "best_case": 350000.0,
          "worst_case": 350000.0,
          "expected_range_low": 350000.0,
          "expected_range_high": 350000.0,
          "nominal_median": 350000.0,
          "real_median": 350000.0
        },
        {
          "year": 1,
          "median": 502943.66,
          "best_case": 573157.88,
          "worst_case": 441999.28,
          "expected_range_low": 470294.97,
          "expected_range_high": 538937.64,
          "nominal_median": 502943.66,
          "real_median": 476723.85
        },
        {
          "year": 2,
          "median": 668439.91,
          "best_case": 794432.72,
          "worst_case": 563696.06,